{
    "uvs": [[0,0,0,-1,-1,-1,-1,0,0,1,-1,1,-1,0,-0,-0,-0,1,-1,1,-1,0,-0,1,0,0,0,1,1,1,1,0,0,0,-1,-1]],
    "metadata": {
        "version": 3,
        "uvs": 1,
        "normals": 8,
        "generator": "io_three",
        "vertices": 8,
        "type": "Geometry",
        "faces": 6
    },
    "normals": [0.577319,-0.577319,-0.577349,0.577349,-0.577349,0.577319,-0.577319,-0.577349,0.577319,-0.577319,-0.577349,-0.577349,0.577349,0.577349,-0.577319,-0.577349,0.577319,-0.577319,-0.577349,0.577319,0.577349,0.577319,0.577319,0.577349],
    "name": "CubeGeometry",
    "vertices": [11.5,-0.1,-8,11.5,-0.1,8,-11.5,-0.1,8,-11.5,-0.1,-8,11.5,0.1,-8,11.5,0.1,8.00001,-11.5,0.1,8,-11.5,0.1,-8],
    "faces": [41,0,1,2,3,0,1,2,3,0,1,2,3,41,4,7,6,5,4,5,6,7,4,5,6,7,41,0,4,5,1,0,8,9,10,0,4,7,1,41,1,5,6,2,0,11,9,10,1,7,6,2,41,2,6,7,3,12,13,14,15,2,6,5,3,41,4,0,3,7,16,1,17,10,4,0,3,5]
}